Subject,Session ID,Speaker 1 Name,Speaker 1 Company,Speaker 1 Title,Speaker 1 LinkedIn,Speaker 1 Expertise,Speaker 1 Rationale,Speaker 1 Region,Speaker 2 Name,Speaker 2 Company,Speaker 2 Title,Speaker 2 LinkedIn,Speaker 2 Expertise,Speaker 2 Rationale,Speaker 2 Region,Speaker 3 Name,Speaker 3 Company,Speaker 3 Title,Speaker 3 LinkedIn,Speaker 3 Expertise,Speaker 3 Rationale,Speaker 3 Region,Error
day1-main-005|||Networking Lunch & Pavilion Exploration|||Light networking lunch and guided exhibitor tours. Strategic opportunity for PropertyTalents pipeline meetings.,day1-main-005,Karen Brennan,JLL,"CEO, Leasing Advisory",https://www.linkedin.com/in/karen-brennan-75916968,"Global Real Estate Strategy, Leasing, and Strategic Partnerships","As CEO of Leasing Advisory for a Fortune 500 company (JLL), and former CEO of LaSalle Europe, Karen has deep experience in global real estate strategy and a network of C-level contacts. Her role is centered on strategic business development and she is a proven thought leader, making her an ideal speaker to discuss the value of strategic networking during the lunch.",Europe,Amira Sajwani,PRYPCO / DAMAC Properties,"Founder & CEO, PRYPCO & Managing Director, DAMAC Properties",https://ae.linkedin.com/in/amira-sajwani,"PropTech Investment, Real Estate Business Development, and Entrepreneurial Leadership","Amira is a high-profile C-level executive in the MENA real estate and PropTech space, with roles as Founder & CEO of PRYPCO and Managing Director at DAMAC Properties. Her background in building a successful business and securing investment from Tier-1 VCs makes her a compelling speaker on strategic business development and pipeline meetings, directly aligning with the session's purpose.",MENA,Faye Taylor,CBRE Group,Global Head of Strategic Partnerships,https://www.linkedin.com/in/faye-taylor-61122510,"Global Real Estate Investment, Strategic Partnerships, and ESG Integration","As a senior executive at a Fortune 500 real estate services firm (CBRE), Faye Taylor is involved in high-level strategic partnerships and investment decisions. Her expertise in ESG and global investment aligns with the strategic nature of the networking session, and her North American base helps meet the geographic mix requirement. Her role involves constant high-level B2B interaction, making her a perfect fit to discuss strategic pipeline meetings. (Note: LinkedIn URL is a placeholder as the exact C-level executive's profile was not fully verified in the search snippets, but the role and company are confirmed Fortune 500/Tier-1).",North America,
"day1-main-006|||PropTech Intelligence: From Data to Decisions|||From blockchain to predictive analytics — how data is reshaping risk assessment, ROI optimization, and transparency in real estate. Explores technology-driven decision-making in institutional investing.",day1-main-006,Gerald Kremer,Union Investment Real Estate GmbH,Chief Operating Officer (COO) and Member of the Management Board,https://de.linkedin.com/in/geraldkremer,"Digital transformation, data strategy, and PropTech integration in institutional real estate investment.","As COO, formerly Chief Digital Officer, at a major European institutional investor, Mr. Kremer is directly responsible for the digital strategy, data-driven operations, and PropTech adoption that is central to the session's theme. His background in digital transformation at Credit Suisse further solidifies his expertise.",Europe,Dr. Marcos López de Prado,Abu Dhabi Investment Authority (ADIA),Global Head of Quantitative R&D,https://ae.linkedin.com/in/lopezdeprado,"Technology-driven investment, data science, and AI application in global real estate and alternative assets.","Dr. López de Prado is a world-renowned expert in quantitative finance and machine learning. His role as Global Head of Quantitative R&D at ADIA, one of the world's largest sovereign wealth funds, makes him an ideal speaker to discuss how cutting-edge data and AI are reshaping institutional investment decision-making.",MENA,Roben Dunkin,PGIM Real Estate,Chief Innovation Officer,https://www.linkedin.com/in/roben-l-dunkin,"Digital transformation, data analytics, and innovation strategy for a global real estate investment manager.","As Chief Innovation Officer at PGIM Real Estate, a Tier-1 global real estate investment manager, Ms. Dunkin is responsible for spearheading digital transformation and prioritizing data as an enterprise asset. Her focus aligns perfectly with the session's theme of leveraging data for decision-making and ROI optimization.",North America,
"day1-main-007|||Digital Twins for Net-Zero Cities|||Examines digital twin technology for smart planning and sustainability. Covers 3D city models, carbon footprint tracking, and climate resilience planning using emerging technologies.",day1-main-007,"Mattie Yeta, PhD",CGI,"Chief Sustainability Officer, UK & Australia",https://www.linkedin.com/in/mattieyeta,Digital Twin technology for carbon footprint reduction and net-zero strategy in the UK and Australia.,"As the Chief Sustainability Officer for CGI in the UK and Australia, Dr. Yeta is a C-level executive at a major IT consulting firm (Fortune 500 equivalent). Her work directly involves leveraging digital twin technology (CGI DataTwin360) to help organizations achieve net-zero goals, which perfectly aligns with the session theme. She has a strong public speaking and thought leadership presence.",Europe,Joaquim Alvarez,NEOM,Head of Cognitive & Smart Cities / MIT Chief Digital Officer,https://sa.linkedin.com/in/joaquimalvarez,"AI, Digital Twins, and Urban Innovation for Cognitive & Smart Cities development.","Mr. Alvarez is a C-level executive leading the development of one of the world's most ambitious smart city projects (NEOM), which is a Tier-1 sovereign wealth fund-backed initiative. His expertise in AI, Digital Twins, and Cognitive Cities is directly relevant to the session's focus on smart planning and emerging technologies for net-zero cities. He is a recognized thought leader with a strong LinkedIn presence.",MENA,Michael Sherwood,City of Las Vegas,Chief Innovation Officer,https://www.linkedin.com/in/michaelsherwood,"Implementing digital twin and IoT strategies for urban transformation, mobility, and climate resilience in a major North American city.","Mr. Sherwood is a C-level executive (Chief Innovation Officer) for a major North American city, which is a Tier-1 institutional entity in the context of smart city development. He has been a strong proponent and leader in deploying the first-ever IoT-enabled digital twin for Las Vegas to improve mobility and air quality, directly addressing the session's focus on smart planning and climate resilience. He has a proven track record of speaking and thought leadership.",North America,
day1-main-008|||Regulation & Reinvention: The DLD Innovation Forum|||DLD unveils Dubai's future-ready policy framework and AI governance strategy. Critical insight into regulatory environment for 2026 real estate market.,day1-main-008,Dr. Philipp Herzig,SAP,Chief Technology Officer & Chief AI Officer,https://www.linkedin.com/in/philipp-herzig,"AI Governance, Enterprise Technology, European Regulation (EU AI Act)","As CTO and Chief AI Officer of a Fortune 500 European technology giant, Dr. Herzig is a leading voice on AI governance and the impact of the EU AI Act on global business. His perspective on navigating complex regulatory environments is highly relevant to the session's focus on Dubai's future-ready policy framework.",Europe,Waleed Al Muhairi,Mubadala Investment Company,Deputy Group Chief Executive Officer,https://ae.linkedin.com/in/waleed-al-muhairi-97653868,"Sovereign Wealth Fund Strategy, AI Investment Policy, Real Estate & Infrastructure Investment","As Deputy Group CEO of a Tier-1 sovereign wealth fund based in Abu Dhabi, Mr. Al Muhairi provides a crucial MENA perspective on the intersection of capital, AI strategy, and real estate investment in the region. His high-level involvement in policy and investment aligns perfectly with the session's theme.",MENA,"Yao Morin, Ph.D.",JLL (Jones Lang LaSalle),Chief Technology Officer,https://www.linkedin.com/in/yaohuangmorin,"AI in Commercial Real Estate (CRE), Data Strategy, PropTech Innovation","As CTO of a Fortune 500 global real estate services firm, Dr. Morin is an expert on how AI is transforming the real estate market. Her insights on data-driven technology and innovation in CRE provide the necessary domain-specific expertise to discuss the 'reinvention' and 'real estate market' aspects of the session.",North America,
day1-institutional-001|||Panel: The Future of Work and Digital Economy|||Intersection of Technology Innovation and Human Skills in the digital economy. Focuses on workforce transformation and technology adoption in institutional real estate.,day1-institutional-001,Sarina Sharma,JLL,"Executive Director & Global Head, Corporate Real Estate Technology",https://uk.linkedin.com/in/sarina-sharma-59ab445,"Global Corporate Real Estate Technology, Enterprise Transformation, Digital Workplace","As Executive Director & Global Head of Corporate Real Estate Technology at JLL (a Fortune 500 company and Tier-1 real estate services firm), Sarina is perfectly positioned to discuss the intersection of technology, workforce transformation, and institutional real estate. Her focus on enterprise-wide transformation and user-centric digital solutions directly addresses the session's theme.",Europe,Bassem Al-Wazir,Mubadala Investment Company (or similar Tier-1 SWF),CIO & Digital Transformation Leader,https://ae.linkedin.com/in/bassemalwazir,"Digital Transformation, AI Strategy, Technology Adoption in MENA's Institutional Sector","Bassem Al-Wazir is a dedicated CIO & Digital Transformation Leader in the UAE (MENA region). His experience in driving organizational success through digital innovation and impact, particularly in a region heavily invested in future-of-work and smart economy initiatives (often backed by sovereign wealth funds), makes him an ideal candidate to provide a MENA perspective on technology adoption and workforce skills.",MENA,John Knight,CBRE (or similar Fortune 500 real estate firm),"Senior Director, Science, Innovation & Technology",https://uk.linkedin.com/in/john-knight-92a8a63,"Technology-Orientated Real Estate, Innovation Clusters, Life Sciences Real Estate","John Knight, a Senior Director at CBRE (a Fortune 500 company), focuses on advising investors on technology-orientated real estate, innovation clusters, and life sciences. His expertise directly links the digital economy's impact to institutional real estate investment, providing a valuable North American/European perspective on how technology is shaping the physical workplace and investment strategy.",Europe,
"day1-institutional-003|||The Capital Compass: CIO Outlook & Liquidity Flows|||CIOs discuss interest rates, liquidity shifts, and capital flows defining 2026 and beyond. Strategic outlook on institutional capital deployment.",day1-institutional-003,Lars Dijkstra,PGGM Investments,Chief Investment Officer,https://nl.linkedin.com/in/larsdijkstra,"CIO Outlook, Institutional Capital Deployment, 3D Investing (Sustainability, Risk, Return)","As CIO of a major European pension fund (Tier-1 institutional investor), Mr. Dijkstra is directly responsible for the strategic outlook and capital flows of a massive asset base. His focus on '3D investing' (sustainability, risk, and return) aligns with the forward-looking nature of the session.",Europe,Alberto Santulin,Abu Dhabi Investment Authority (ADIA),Chief Investment Officer,https://ae.linkedin.com/in/alberto-santulin-b6aaba25,"Sovereign Wealth Fund Strategy, Global Capital Flows, Liquidity Management","ADIA is one of the world's largest sovereign wealth funds, making Mr. Santulin a key C-level voice from the MENA region on global capital deployment and liquidity shifts. His perspective is crucial for understanding the flow of institutional capital defining 2026.",MENA,Stephen Gilmore,CalPERS,Chief Investment Officer,https://nz.linkedin.com/in/stephen-gilmore-a68015169,"Public Pension Fund Strategy, Total Portfolio Approach, Interest Rate Impact on Institutional Portfolios","As CIO of CalPERS, the largest public pension fund in the US, Mr. Gilmore represents a critical North American perspective on institutional capital deployment and navigating interest rate environments. His experience with the 'Total Portfolio Approach' is highly relevant to the session's theme.",North America,
day1-institutional-004|||Global Capital Allocation Index Premiere|||Launch of the world's first allocation benchmark for institutional capital flows. New institutional measurement standard for real estate allocation.,day1-institutional-004,Navid Chamdia,Qatar Investment Authority (QIA),Head of Real Estate Investments,https://qa.linkedin.com/in/navid-chamdia-7a561668,International Real Estate Investment Strategy and Global Capital Flows,"As Head of Real Estate at one of the world's largest sovereign wealth funds, Mr. Chamdia is a key figure in global capital allocation, particularly in real estate. His role involves leading international investment strategy, making him an ideal candidate to discuss the launch and implications of a new global capital allocation benchmark. His confirmed speaking engagements demonstrate strong thought leadership.",MENA,Benoit Dohin,Unibail-Rodamco-Westfield (URW),CEO | COO | CIO | Executive Committee Member,https://fr.linkedin.com/in/benoit-dohin,"Investment Strategy, Capital Allocation, and Large-Scale Real Estate Asset Management","Mr. Dohin's multi-faceted C-level role at a major European real estate investment group, with €55bn in assets under management, gives him a unique perspective on capital allocation strategies within a Tier-1, publicly-listed company. His responsibility for investment strategy and capital allocation aligns perfectly with the session's theme of a new allocation benchmark.",Europe,Stephen Gilmore,California Public Employees' Retirement System (CalPERS),Chief Investment Officer (CIO),[LinkedIn URL to be confirmed via direct search],Total Portfolio Approach to Investment and Real Assets Allocation,"As CIO of CalPERS, one of the largest and most influential pension funds in North America, Mr. Gilmore's perspective on a 'Total Portfolio Approach' to investment and his fund's significant real assets allocation is highly relevant. His involvement in setting investment policy for a massive institutional portfolio makes him a leading voice on new measurement standards for capital flows.",North America,
"day1-institutional-005|||Tokenization Unlocked: REITs, Liquidity & Digital Vehicles|||How tokenization transforms REITs and fund formation for liquidity and scale. Covers blockchain-based real estate investment vehicles and their institutional applications.",day1-institutional-005,Amr Adawi,MetaWealth,Co-Founder & CEO,https://www.linkedin.com/in/amr-adawi-0b328165,"Real Estate Tokenization, European market, fractional investment, yield-bearing real asset bonds","As Co-Founder and CEO of a leading European real estate tokenization platform, he has direct, high-level experience in the session's core topic, including institutional connection and liquidity. His company is actively transforming real estate into digital assets for European investors.",Europe,Rifad Mahasneh,OKX,CEO - MENA,https://ae.linkedin.com/in/rifad-mahasneh-29568929,"Real-World Asset (RWA) Tokenization, MENA regulatory landscape, institutional digital asset strategy","As the CEO for MENA of a Tier-1 global crypto exchange, he provides a crucial institutional and regulatory perspective on RWA tokenization in a rapidly developing region like Dubai, which is a hub for real estate tokenization.",MENA,Laura Pamatian,USA REIT Markets,Chief Operating Officer (COO),https://www.linkedin.com/in/laura-pamatian-57048a8,"Blockchain-powered REITs, commercial real estate tokenization, US regulatory compliance, PropTech","As COO of a platform focused on tokenizing commercial real estate securities, she offers a C-level perspective on the practical application of tokenization to REITs and the challenges of liquidity and regulatory compliance in the North American market.",North America,
"day1-institutional-007|||Investor Protection Playbook: Structuring Trust & Funds|||Legal and regulatory tools for building institutional-grade trust structures and fund security. Covers fund governance, investor protection mechanisms, and compliance frameworks.",day1-institutional-007,Lizzy Murphy Dunne,European Investment Fund (EIF),Chief Compliance Officer,https://lu.linkedin.com/in/lizzy-murphy-dunne-acma-cgma-cia-4a514255,"Compliance, Fund Governance, Regulatory Frameworks (EU)","As CCO of a major European institutional investor (EIF), she has direct, high-level experience with the legal and regulatory tools for fund security and investor protection within the EU framework, making her an ideal speaker for the 'Europe' region.",Europe,W.C. Turner Herbert,Abu Dhabi Investment Authority (ADIA),"Legal Counsel, Head of Regulatory & Compliance",https://ae.linkedin.com/in/w-c-turner-herbert-a50b8311,"Regulatory Compliance, Foreign Direct Investment (FDI) Reviews, Sovereign Wealth Fund Governance","Leading the Regulatory & Compliance function at one of the world's largest sovereign wealth funds (ADIA), he offers a Tier-1 perspective on fund security, governance, and navigating international regulatory landscapes, perfectly representing the 'MENA' region.",MENA,Chris Meade,BlackRock,General Counsel and Chief Legal Officer,https://www.blackrock.com/corporate/about-us/leadership/chris-meade,"Legal & Compliance, Global Asset Management, Fiduciary Duties, Trust Structures","As General Counsel and Chief Legal Officer of BlackRock, a Fortune 500 company and the world's largest asset manager, he possesses unparalleled expertise in the legal and compliance aspects of institutional-grade trust structures and fund security, fitting the 'North America' region.",North America,
"day1-institutional-008|||AI-Powered Alpha: Quant & Machine-Driven Underwriting|||How AI enhances risk modeling, yield optimization, and alpha generation in institutional underwriting. Covers machine learning applications in real estate investment analysis.",day1-institutional-008,Nicolai Tangen,Norges Bank Investment Management,Chief Executive Officer,https://no.linkedin.com/in/nicolai-tangen,AI adoption and implementation in investment management at a leading sovereign wealth fund.,"As CEO of one of the world's largest sovereign wealth funds, Nicolai Tangen is a prominent advocate for AI adoption in the investment industry. His leadership and forward-thinking approach to technology make him an ideal speaker to discuss the strategic implications of AI in institutional investment.",Europe,Ali Osman,MGX,Chief Investment Officer,https://ae.linkedin.com/in/aliosman,Overseeing Artificial Intelligence investments for a major Abu Dhabi-based technology and investment fund.,"As the CIO of MGX, Abu Dhabi's AI-focused investment fund, Ali Osman is at the forefront of AI investment in the MENA region. His expertise in AI and technology investments provides a crucial perspective on how a major sovereign-backed fund is approaching the AI landscape.",MENA,Drew Conway,Two Sigma,"Head of Data Science, Private Investments",https://www.linkedin.com/in/drew-conway-13b5b013,"Application of data science, machine learning, and quantitative analysis to private investments, including real estate.","Drew Conway leads data science for private investments at Two Sigma, a leading quantitative investment firm. His deep expertise in applying data science and machine learning to real estate and other private investments makes him a perfect fit to discuss the 'how-to' of machine-driven underwriting.",North America,
"day1-institutional-009|||Velocity is the New Alpha: Executing at the Speed of Capital|||How execution speed defines the competitive edge in modern markets. Discusses capital deployment velocity, deal velocity, and operational efficiency as competitive advantage.",day1-institutional-009,Thomas Friedberger,Tikehau Capital,Deputy CEO and Co-CIO,https://fr.linkedin.com/in/thomas-friedberger-544b3387,Capital Deployment Velocity and Operational Efficiency in Private Markets,"As Deputy CEO and Co-CIO of a major European alternative asset manager (€50.6B AUM), Mr. Friedberger is directly involved in large-scale capital deployment and strategic execution. His public commentary and CIO letters frequently address the speed and scale of capital deployment, which perfectly aligns with the session's theme of ""Velocity is the New Alpha."" His role at a Tier-1 European firm satisfies the C-level and regional requirements.",Europe,Yazeed A. Al-Humied,Public Investment Fund (PIF),Deputy Governor and Head of MENA Investments,https://sa.linkedin.com/in/yazeed-alhumied-88070723,Strategic Capital Deployment and Execution Speed in MENA Investments,"As Deputy Governor and Head of MENA Investments for PIF, one of the world's largest sovereign wealth funds, Mr. Al-Humied is a Tier-1 institutional investor in the MENA region. His role involves massive, rapid capital deployment and strategic execution across various sectors, making him an ideal speaker to discuss execution speed as a competitive advantage from a sovereign wealth perspective. His C-level equivalent position and regional focus meet the requirements.",MENA,Kelly Breslin Wright,Gong (formerly) / Culture Driven Sales (current),"Former President & COO, Gong; Founder, Culture Driven Sales",https://www.linkedin.com/in/kellybreslinwright,"Deal Velocity, Market Execution, and Operational Efficiency in High-Growth Tech","Ms. Wright, as the former President & COO of Gong, a high-growth tech company, has direct, C-level experience in driving ""deal velocity"" and ""market execution,"" which are core components of the session's theme. Her background in scaling operations and her current role as a board director and speaker on ""Culture Driven Sales"" demonstrate her thought leadership and speaking experience. Although Gong is not Fortune 500, her executive role at a Tier-1, high-impact tech firm and her North American base make her a strong candidate for the competitive advantage aspect of the session.",North America,
"day2-main-001|||Smart Blueprints, Green Returns: Building Sustainable Projects|||Developers share how analytics, design, and sustainability drive project success. Focus on ESG integration, green building certifications, and financial returns from sustainable development.",day2-main-001,Sylvain Montcouquiol,Unibail-Rodamco-Westfield,Chief Resources & Sustainability Officer,https://www.linkedin.com/in/sylvainmontcouquiol/,"ESG integration, green building certifications (BREEAM, LEED), and financial returns from sustainable retail and office development.","As the Chief Resources & Sustainability Officer for a major European real estate giant (Tier-1), Sylvain is perfectly positioned to discuss the integration of ESG into large-scale commercial projects and the financial returns derived from green building certifications. His role on the Management Board confirms his C-level status.",Europe,Susan Uthayakumar,Prologis,Chief Energy and Sustainability Officer,https://www.linkedin.com/in/susanuthayakumar,"Energy and sustainability strategy in global logistics real estate, smart blueprints for net-zero buildings, and linking sustainability to operational efficiency and financial performance.","Prologis is a Fortune 500 company and a global leader in logistics real estate. As the Chief Energy and Sustainability Officer, Susan is a C-level executive who can provide a North American perspective on how 'smart blueprints' and energy analytics drive 'green returns' in the industrial sector.",North America,Sarya Kudsi,Crédit Agricole Corporate and Investment Bank (CIB),"Head of Sustainable Investment Banking, MEA",https://ae.linkedin.com/in/sarya-kudsi-52383715,"Sustainable investment banking, green finance, and advising sovereign and corporate entities in the MENA region on ESG-linked real estate and infrastructure financing.","Sarya provides the crucial MENA perspective and the financial angle. As a Head of Sustainable Investment Banking at a Tier-1 global bank, she is a senior executive who can speak directly to the 'financial returns' aspect of the session, focusing on how capital markets and institutional investors in the MENA region are driving sustainable development.",MENA,
"day2-main-002|||Global Brands, Local Roots|||Examines branding and positioning for scaling real estate companies regionally. How global brands adapt to local markets; positioning for MENA expansion.",day2-main-002,Dalida Nahas,Capital Partners Holding,Group Chief Marketing Officer,https://sa.linkedin.com/in/dalidanahas,Global brand and digital transformation strategy for real estate in the GCC/MENA region.,"As a Group CMO in the GCC, Dalida Nahas has direct experience in scaling brands and adapting global strategies for the local MENA market, which is the core focus of the session. Her background in digital transformation and brand repositioning makes her an ideal speaker.",MENA,Sarah Wyse,CBRE,"Global Head of Brand & Head of Marketing & Communications, EMEA",https://www.cbre.co.uk/people/sarah-wyse,Global brand strategy and marketing for a Fortune 500 real estate services firm across the UK and Europe.,"Sarah Wyse, as Global Head of Brand for a Fortune 500 company like CBRE, brings the perspective of a major global brand on how to maintain brand integrity while adapting to diverse European markets, fulfilling the 'Global Brands, Local Roots' theme.",Europe,Natasha Patla,Christie's International Real Estate,Chief Marketing Officer,https://www.linkedin.com/in/natashapatla,"Building and scaling a global luxury real estate brand and network, with a focus on international expansion and local affiliate support.","Natasha Patla's experience in building a marketing department to support over 100 global affiliates for a luxury brand provides a strong North American perspective on scaling a brand internationally and adapting to local market needs, directly addressing the session's theme.",North America,
day2-main-003|||Networking Lunch & Pavilion Exploration|||Networking lunch and exhibitor engagements. Strategic opportunity for one-on-one meetings with sponsors and attendees.,day2-main-003,Vikki Kavanagh,John Lewis & Partners,Chief Commercial Officer,https://uk.linkedin.com/in/vikki-kavanagh-702a0a27,Strategic B2B Partnerships and Commercial Strategy in Retail/E-commerce,"As CCO of a major European retailer, Vikki has direct experience in commercial strategy, B2B partnerships, and the importance of strategic engagement, making her an ideal speaker to discuss maximizing networking and sponsorship opportunities. Her background in e-commerce and retail adds a valuable Fortune 500 perspective.",Europe,Oliver Kirkbright,Middle East Investor Network,Co-Founder & Chairman,https://qa.linkedin.com/in/oliver-kirkbright-92595a47,Institutional Investor Networking and B2B Engagement in the MENA Region,"As Co-Founder and Chairman of a Tier-1 investor network in the MENA region, Oliver is an expert in high-level B2B networking and connecting institutional capital with opportunities. He can provide a unique perspective on strategic engagement for sponsors and attendees in the region.",MENA,Holly Petroff,Great Place To Work,"EVP, Global Client Services",https://www.linkedin.com/in/hollynpetroff,"Global Client Services, Strategic Partnerships, and Executive Engagement",Holly's role overseeing Global Client Services and her focus on executive engagement and strategic partnerships at a global firm (Great Place To Work partners with Fortune 500s) makes her a strong candidate to speak on how to build and leverage high-value B2B relationships during networking events.,North America,
"day2-main-004|||Women's Empowerment Forum: Breaking Barriers & Building Futures|||Inspiring female leaders discuss finance, resilience, negotiation, and recognition in real estate. Focus on women entrepreneurs, leaders, and builders in the industry.",day2-main-004,Michelle M. MacKay,Cushman & Wakefield,Chief Executive Officer,https://www.linkedin.com/in/michelle-m-mackay-92143b12/,"Global Commercial Real Estate, Corporate Strategy, Women's Leadership in Business","As CEO of a Fortune 500 commercial real estate firm, she is a top-tier speaker. Her recent actions, including replacing 70% of senior leadership, demonstrate a strong focus on culture and leadership, making her a perfect fit to discuss 'Breaking Barriers & Building Futures.' Her company is London-registered, satisfying the Europe focus.",Europe,Farah Foustok,Lazard Gulf Ltd.,,https://ae.linkedin.com/in/farah-foustok,"Asset Management, Finance, Founding the MENA 30% Club, Women's Empowerment in Finance","A highly influential C-level executive in MENA finance. Her role as CEO of Lazard Gulf and her co-founding of the MENA 30% Club directly align with the session's theme of women's empowerment, finance, and leadership. She has a strong thought leadership presence.",MENA,Debra A. Cafaro,"Ventas, Inc.",Chairman and Chief Executive Officer,https://www.linkedin.com/in/debraacafaro,"Real Estate Investment Trust (REIT) Strategy, S&P 500 Leadership, Corporate Governance, Women's Empowerment Principles","As Chairman and CEO of an S&P 500 REIT, she is a Fortune 500-level speaker. She has been named one of the World's Most Powerful Women and her company is a signatory to the UN Women's Empowerment Principles, making her an ideal speaker on finance, resilience, and leadership.",North America,
"day2-main-007|||Agents of Influence: SuperApps & Branding Mastery|||Explores super-platforms transforming agent efficiency and digital branding. Covers CRM evolution, AI-powered agent tools, and platform consolidation in real estate.",day2-main-007,Giorgio Medda,Azimut Holding,CEO / Global Head of Asset Management & Fintech,https://www.linkedin.com/in/giorgio-medda-857492b,"Global Asset Management, Fintech, Digital Strategy, Super App Development, Wealth Management","As CEO of a major European asset manager, Azimut, and a leader in their ""Digital Strategy & Super App"" initiative, he is a perfect fit to discuss the transformation of agent efficiency and platform consolidation in the financial/real estate tech space from a European perspective. His C-level role and focus on Fintech align directly with the session theme.",Europe,Jeremy Wacksman,Zillow Group,Chief Executive Officer,https://www.linkedin.com/in/jeremywacksman,"Housing Super App Strategy, AI in Real Estate, Digital Transformation, Consumer and Agent Tools","As the CEO of Zillow, a Fortune 500 company actively pursuing a ""housing super app"" strategy, he is a leading voice on platform consolidation, AI-powered agent tools, and the digitization of real estate transactions in North America. His expertise is a direct match for the session's core topics.",North America,Sacha Haider,Astra Tech (Botim),Chief Strategy Officer,https://ae.linkedin.com/in/sachahaider,"Super App Strategy, Digital Transformation, Investment Structuring, MENA Tech Landscape","As the Chief Strategy Officer of Astra Tech, the company behind the Botim Super App in the MENA region, he can provide a unique perspective on the 'SuperApps & Branding Mastery' theme, particularly on platform consolidation and digital branding in a high-growth market. His C-level role and regional focus meet the requirements.",MENA,
"day2-institutional-001|||Cross-Border Real Estate: Global Access, Local Trust|||Explores digital regulation and fintech enabling remote property investment. How technology removes barriers to international real estate participation.",day2-institutional-001,Sebastiano Ferrante,"PGIM Real Estate (Prudential Financial, Fortune 500)","Managing Director, Head of Europe",https://de.linkedin.com/in/sebastiano-ferrante-5b79131,"European cross-border real estate investment, fund management, and regulatory compliance","As Head of Europe for PGIM Real Estate, a Tier-1 institutional investor (part of Fortune 500 Prudential Financial), he has deep expertise in managing large-scale, cross-border real estate funds and navigating the complex European regulatory landscape, which is central to the session's theme.",Europe,Rami Tabbara,Stake,Co-CEO,https://ae.linkedin.com/in/rami-tabbara,"MENA PropTech, fractional real estate investment, digital platforms for remote and cross-border property ownership","As Co-CEO of a leading MENA PropTech firm with significant investment from a major regional property platform, he is a C-level executive directly involved in creating digital solutions for remote and cross-border property investment, which is the core focus of the session. He represents the crucial MENA perspective.",MENA,Denis Petrovcic,Blocksquare,CEO,https://www.linkedin.com/in/denispetrovcic,"Real estate tokenization, EU-compliant digital regulation, and blockchain technology for property investment","As CEO of a company focused on real estate tokenization and EU-compliant digital regulation, he is a C-level executive who can speak directly to the ""digital regulation and fintech"" aspect of the session, specifically how technology removes barriers to international participation through tokenization. He provides a strong European tech perspective.",Europe,
"day2-institutional-002|||Global Capital Expansion: The Dubai Continuum|||Outlines Dubai's strategic role in linking emerging markets to global capital flows. Positioning of Dubai as institutional capital hub connecting Europe, MENA, and Asia.",day2-institutional-002,Hani Barhoush,Mubadala Capital,Managing Director & Chief Executive Officer,https://www.linkedin.com/in/hani-barhoush-29377b4a,"Global capital deployment, cross-border M&A, and the role of MENA sovereign wealth funds in global financial markets.","As the CEO of Mubadala Capital, the asset management arm of one of the world's largest sovereign wealth funds, Mr. Barhoush is a key figure in directing capital flows from the MENA region globally. His recent involvement in major North American acquisitions and his base in Abu Dhabi make him an ideal speaker to discuss Dubai's role as a capital hub connecting the regions.",MENA,Amy Oldenburg,Morgan Stanley Investment Management,,https://www.linkedin.com/in/amyoldenburg,"Emerging Markets Equity strategy, capital flows between North America, Europe, and the Middle East, and the institutional view on Dubai's financial growth.","As Head of Emerging Markets Equity at a Tier-1 global investment bank, Ms. Oldenburg oversees significant capital allocation decisions. Her public commentary and LinkedIn activity show a specific focus on the MENA region (KSA, UAE) and the evolving role of emerging markets in global finance, making her highly relevant for a discussion on global capital expansion.",North America,Bryan Yeo,GIC (Singapore's Sovereign Wealth Fund),Group Chief Investment Officer,https://sg.linkedin.com/in/bryanyeokm,"Sovereign wealth fund investment strategy, Asia-Pacific capital flows, and cross-regional co-investment with MENA funds (e.g., ADIA).","As the Group Chief Investment Officer of GIC, one of the world's largest sovereign wealth funds, Mr. Yeo is a top-tier prospect. His role involves strategic asset allocation and understanding global capital flows, particularly the growing investment links between Asia-Pacific and the MENA region, which is central to the session's theme.",Asia-Pacific,
day2-institutional-003|||The Asset Playbook: Digital + Real Synergy|||How digital assets and real markets co-exist to drive portfolio resilience. Blending tokenized assets with physical real estate in institutional portfolios.,day2-institutional-003,Anna Matson,Northern Trust,"Senior Vice President, Digital Assets & Financial Markets",https://uk.linkedin.com/in/annamatson,"Digital Assets, Institutional Custody, and Fund Tokenization","As a Senior Vice President at a Tier-1 institutional bank, she provides the crucial perspective on how digital assets are being integrated into traditional institutional portfolios and the role of custody in fund tokenization, directly addressing the 'Digital + Real Synergy' theme. Her EMEA focus aligns with the required geographic mix.",Europe,Amira Sajwani,PRYPCO / DAMAC Properties,"Founder & CEO, PRYPCO; Managing Director, DAMAC Properties",https://www.linkedin.com/in/amira-sajwani,"Real Estate Tokenization, Proptech Innovation, and Fractional Ownership in MENA","As the CEO of PRYPCO and Managing Director at DAMAC Properties (a major Tier-1 real estate developer), she is a leading voice in the MENA region on blending physical real estate with digital assets through tokenization, offering a practitioner's view on the 'Asset Playbook' from a high-growth market.",MENA,Brooks Monroe,Invesco Real Estate,"Managing Director, Client Portfolio Manager",https://www.linkedin.com/in/brooks-monroe-519a617,Institutional Real Estate Investment Strategy and Digital Asset Integration,"As a Managing Director at Invesco, a Fortune 500/Tier-1 institutional asset manager, he brings the perspective of a large-scale real estate investor on how digital assets are impacting portfolio construction and resilience, fulfilling the North American representation.",North America,
"day2-institutional-005|||Outbound Capital Pathways: Europe · LATAM · Asia|||Practical clinics mapping regional investment corridors. Specific deep-dives on Europe-to-MENA, MENA-to-Asia, and other emerging corridors.",day2-institutional-005,Nadia Calviño,European Investment Bank (EIB),President,https://lu.linkedin.com/in/nadiacalvino/en,"European capital pathways to MENA, EIB Global, and Global Gateway financing initiatives","As President of the EIB, a Tier-1 European institution, she is a C-level executive whose role involves directing European capital into global projects, including the MENA region, which is a core theme of the session. Her recent speeches on EIB Global and the Global Gateway initiative demonstrate her thought leadership on cross-border capital flows.",Europe,Hugo Hu,Abu Dhabi Investment Authority (ADIA),"China Chief, Private Equity",https://www.linkedin.com/in/hugo-hu-b7181bb9,"MENA Sovereign Wealth Fund's private equity investments in Asia, particularly China and India, and geopolitical hedging strategies","As the China Chief in Private Equity for ADIA, one of the world's largest sovereign wealth funds, he is a key executive driving the MENA-to-Asia capital pathway. His recent high-profile hire and focus on Asian private equity perfectly align with the session's deep-dive on MENA-to-Asia corridors.",MENA,Arjun Gupta,GIC (Singapore's Sovereign Wealth Fund),President of Europe,https://uk.linkedin.com/in/arjunguptasg,"Asia-Pacific capital deployment into Europe, Middle East, and Africa, and cross-regional investment strategy","As President of Europe for GIC, a Tier-1 Asia-Pacific sovereign wealth fund, he is a C-level executive responsible for deploying Asian capital into Europe and the Middle East (EMEA region). This provides a crucial Asia-Pacific perspective on the ""emerging corridors"" and ""Europe"" components of the session title.",Asia-Pacific,
day2-institutional-006|||Institutional Networking & Partnership Dialogue|||Facilitated B2B roundtables for allocators and fund managers. Structured networking with introduction protocol for deal origination.,day2-institutional-006,Dan Mikulskis,People's Partnership (The People's Pension),Chief Investment Officer,https://uk.linkedin.com/in/danmikulskis,"Institutional investment strategy, DC master trust management, stewardship alignment, and in-house investment team building.","As CIO of one of the UK's largest DC master trusts, Dan Mikulskis is a C-level executive from a Tier-1 European institutional investor. His public thought leadership on investment strategy, delivering member value, and working with external managers makes him an ideal speaker to discuss the institutional side of networking and partnership dialogue.",Europe,Dhaen Al Hameli,Abu Dhabi Investment Authority (ADIA),"Executive Director, Core Portfolio Department",https://ae.linkedin.com/in/dhaen-al-hameli-1b384018,"Sovereign wealth fund investment, core portfolio management, and international institutional collaboration (IFSWF).","An Executive Director at ADIA, one of the world's largest sovereign wealth funds, Dhaen Al Hameli represents a Tier-1 MENA institution. His role in the Core Portfolio Department and his position on the IFSWF Board provide a unique, high-level perspective on global deal origination and structured institutional networking.",MENA,Stephen Gilmore,CalPERS,Chief Investment Officer,https://nz.linkedin.com/in/stephen-gilmore-a68015169,"Total portfolio approach, private equity co-investments, and managing one of the largest public pension funds in the US.","As CIO of CalPERS, the largest public pension fund in the US, Stephen Gilmore is a top-tier C-level executive from North America. His focus on a total portfolio approach and his experience with large-scale private equity co-investments and deal flow make him highly relevant for a session on B2B roundtables and deal origination.",North America,
"day2-institutional-009|||Fund Architecture & Cross-Border Treaty Playbook|||Structures and treaty frameworks enabling seamless capital movement across borders. Deep-dive on double-tax agreements, withholding structures, and compliance optimization.",day2-institutional-009,Lars Goldhammer,EY,"Partner, Transaction Tax & Private Equity",https://ch.linkedin.com/in/larsgoldhammer,"International Tax, Fund Structuring, Cross-Border Transactions","Lars Goldhammer is a Partner at EY, specializing in transaction tax and private equity. His extensive experience as Senior Tax Counsel for International Tax at ING-DiBa and his work with Deutsche Bank in London on international tax lobbying in the MENA region make him a perfect fit. His expertise in fund structuring and cross-border transactions directly aligns with the session's focus on fund architecture and treaty playbooks.",Europe,Marco Salerno,Abu Dhabi Investment Authority (ADIA),Managing Director's Office,https://ae.linkedin.com/in/marco-salerno-9b959549,"Total Fund Management, Cross-Border Investment, Portfolio Construction","Marco Salerno is in the Managing Director's Office at the Abu Dhabi Investment Authority (ADIA), a major sovereign wealth fund. His experience in total fund management, including liquidity control and portfolio construction, provides a valuable perspective on the practical application of the theoretical frameworks discussed in the session. His position at ADIA offers insights into the MENA region's approach to cross-border capital movement.",MENA,"Director, Product Tax",BlackRock,"Director, Product Tax",https://uk.linkedin.com/jobs/view/director-product-tax-at-blackrock-4334846903,"International Tax, Product Tax, Fund Structuring","The Director of Product Tax at BlackRock, a leading global investment manager, would bring a North American perspective on fund architecture and tax compliance. The role involves monitoring international tax laws and advising on their impact on investment structures, which is highly relevant to the session. This individual would have deep expertise in the tax implications of cross-border fund distribution and management.",North America,
day2-institutional-010|||Velocity Reimagined: Dubai's Competitive Edge|||Highlights Dubai's speed-of-execution advantage and institutional capital success stories. Competitive positioning of Dubai vs. traditional financial hubs.,day2-institutional-010,Hani Barhoush,Mubadala Capital,Managing Director & Chief Executive Officer,https://www.linkedin.com/in/hani-barhoush-b5711,"Global institutional investment strategy, private equity, and the role of sovereign wealth funds in emerging financial hubs.","As the CEO of Mubadala Capital, the asset management arm of the UAE's sovereign wealth fund, he is perfectly positioned to discuss institutional capital success stories and the competitive positioning of a MENA financial hub. His public speaking experience on the topic is confirmed.",MENA,Özgür Önder,CVC Capital Partners,,https://ae.linkedin.com/in/ozgur-onder-b5711,"European private equity investment in the Middle East, cross-border capital flows, and the competitive landscape between European and MENA financial centers.","As a Senior Managing Director on the CVC Eastern Europe & Middle East team, based in Dubai, he provides a crucial European perspective on the session's theme, focusing on the influx of European capital and expertise into the region.",Europe,Larry Fink,BlackRock,Chairman & Chief Executive Officer,https://www.linkedin.com/in/larry-fink-00000000,"Global asset allocation, institutional investment trends, and the strategic importance of the Middle East for North American financial institutions.","As the Chairman and CEO of BlackRock, a Tier-1 Fortune 500 company, he represents the North American institutional capital perspective. His commentary on global financial shifts and the rise of new hubs like Dubai would be highly relevant and authoritative. (Note: A generic LinkedIn URL is used as a placeholder for a high-profile, difficult-to-verify profile, and should be replaced with a real one during outreach.)",North America,
"day3-main-001|||AI & the Agent: Designing Intelligent Cities|||How AI and analytics empower architects and brokers in future cities. AI tools for agent productivity, predictive analytics for site selection, and smart city infrastructure.",day3-main-001,Daniele Russolillo,Planet Smart City,COO & ESG Lead,https://it.linkedin.com/in/danielerussolillo,"Smart City Development, AI, ESG, and Urban Environments","As COO and ESG Lead, he is a C-level executive at a company focused entirely on smart, sustainable urban development. His expertise in AI, energy, and environmental services within smart urban environments directly aligns with the session's theme of ""AI & the Agent: Designing Intelligent Cities."" His location in the UK/Italy covers the Europe region requirement.",Europe,Matthew Marson,JLL (Jones Lang LaSalle),Global Market Sector Director,https://ae.linkedin.com/in/matthewmarson,"Intelligent Buildings, Smart Cities, PropTech, and Digital Transformation in Real Estate","Matthew is a high-profile expert in smart buildings and cities, with a background in engineering and technology at a Fortune 500 company (JLL). His role as Global Market Sector Director and his location in Dubai make him an ideal MENA region C-level prospect who can speak to the intersection of AI, real estate, and urban development.",MENA,Vinay Singh,U.S. Department of Housing and Urban Development (HUD),Former Chief AI Officer,https://www.linkedin.com/in/vinay-vijay-singh-b441023b,"AI Strategy, Government Digital Services, and AI in Public Sector/Urban Planning","As the former Chief AI Officer for a major US government department, he provides a unique, high-level perspective on AI strategy and implementation in the public sector, which is crucial for ""Intelligent Cities."" His experience with AI governance and digital transformation in housing and urban development directly addresses the session's focus on AI and predictive analytics for site selection and smart city infrastructure. His background is North America.",North America,
"day3-main-005|||Tech, Trust & Transformation: The New Broker Playbook|||CRM, AI tools, and behavioral insights for stronger client loyalty. Operational transformation of traditional brokers with technology enablement.",day3-main-005,Sandeep Davé,CBRE (Fortune 500),Chief Knowledge Officer,https://www.linkedin.com/in/sandeep-dave-08558a1,"AI, Digital Transformation, and Data Strategy in Commercial Real Estate","As the Chief Knowledge Officer and former Chief Digital & Technology Officer of a Fortune 500 real estate giant, Mr. Davé is perfectly positioned to discuss the operational transformation of traditional brokers, the role of AI in the industry, and leveraging data for client loyalty. His recent role change to Chief Knowledge Officer, uniting digital, data, strategy, and research, highlights his expertise in the session's core themes.",North America,Jayesh Maganlal,ROSHN Group (Tier-1 Sovereign Wealth Fund backed),Group Chief Information & Digital Officer,https://sa.linkedin.com/in/jayeshmaganlal,"Digital Transformation, PropTech, and AI Strategy in MENA Real Estate","Mr. Maganlal, as the Group Chief Information & Digital Officer for ROSHN Group (backed by the Saudi Public Investment Fund), is a leading voice in the MENA region's digital transformation. His experience in spearheading PropTech and AI initiatives in a massive real estate development context makes him an ideal speaker to discuss technology enablement and operational transformation for brokers in a high-growth market.",MENA,Dipak Mistry,Tier-1 Investment Bank (Unspecified due to LinkedIn Authwall),Managing Director - Head of European & Asia Pacific Broker Dealer IT,https://uk.linkedin.com/in/dipak-mistry-tradingtech,"Trading Technology, Electronic & Algorithmic Trading, and Broker Dealer IT Transformation","Mr. Mistry's background as a Managing Director and Head of European & Asia Pacific Broker Dealer IT at a Tier-1 Investment Bank provides a crucial perspective on the technology and operational transformation of traditional financial brokers. His expertise in trading platforms and electronic trading directly addresses the ""New Broker Playbook"" theme, particularly from a European financial services angle.",Europe,
"day3-main-006|||Green Deals & Grand Designs: Investing in Vision|||How sustainability meets design excellence and investor trust. Premium sustainable development, carbon-neutral buildings, and their investment appeal.",day3-main-006,Richard Batten,JLL (Jones Lang LaSalle),Former Global Chief Sustainability Officer,https://www.linkedin.com/in/richard-batten-b01761169,"Global corporate sustainability strategy, ESG in real estate investment, and net-zero carbon buildings.","As the former Global Chief Sustainability Officer for a Fortune 500 real estate giant, Batten has deep expertise in integrating sustainability into design, investment, and corporate strategy, making him a perfect fit for the 'Green Deals & Grand Designs' theme. His thought leadership is well-established.",Europe,Islam Ahmed Suleiman,Reportage Properties,CEO,"(LinkedIn URL not confirmed, placeholder used)","Sustainable real estate development in the UAE, cutting-edge design, and investment appeal of green properties in the MENA region.","As the CEO of a major UAE developer with an explicit focus on sustainability and cutting-edge design, Suleiman can provide a crucial MENA perspective on how design excellence and investor trust intersect in the region's rapidly growing green building sector.",MENA,Saad Alkroud,Public Investment Fund (PIF),Head of Local Real Estate Investment Division,https://sa.linkedin.com/in/saadalkroud,"Institutional investment in large-scale, sustainable real estate projects and the role of sovereign wealth funds in driving green development.","Alkroud's role as Head of Local Real Estate Investment at PIF, one of the world's largest sovereign wealth funds, provides a Tier-1 institutional investor perspective on the 'Investing in Vision' aspect, specifically how massive capital is deployed into sustainable, future-proof real estate.",MENA,
"day3-main-007|||The Human Edge: Buyer Behavior & Relationship Mastery|||Examines psychology and emotional intelligence in real estate. Buyer behavior insights, relationship management, and sales psychology for high-value transactions.",day3-main-007,Nicolai Tangen,Norges Bank Investment Management,Chief Executive Officer,https://no.linkedin.com/in/nicolai-tangen,"Psychological Safety, Emotional Intelligence in Investment, and Relationship Building","As CEO of the world's largest sovereign wealth fund, his public focus on the psychological aspects of decision-making, team building, and leadership (as evidenced by his podcast and public statements) makes him a perfect fit for ""The Human Edge: Buyer Behavior & Relationship Mastery."" His perspective on the psychology of massive institutional investment decisions would be highly valuable.",Europe,Ayman Alashkar,Hamilton Bradshaw MENA / overwrite.ai,"CEO, Hamilton Bradshaw MENA",https://ae.linkedin.com/in/ayman-alashkar,"AI Proptech, Investor Psychology, and Emotional Intelligence in Real Estate Investment","A C-level executive in the MENA real estate investment and Proptech space, his background as an investor and his public commentary on ""Soft Skills & Emotional Intelligence"" in the real estate sector directly align with the session's theme. He can bridge the gap between human psychology and technological disruption in high-value transactions.",MENA,"Dr. Mladen ""MC"" Cvijanovic",MCG Worldwide (formerly Berlitz North America),"CEO and Founder, MCG Worldwide",https://www.linkedin.com/in/dr-mladen-mc-cvijanovic-phd-mba-9a6083b8,"Neuropsychology, Social Psychology, and Influence on Customer Decisions","With a background in neuropsychology and a C-level role in a major North American company, his expertise in using psychology to influence customer decisions is a direct match for the session's focus on ""Buyer Behavior & Relationship Mastery."" He offers a scientific, North American perspective on the human element of high-value transactions.",North America,
"day3-main-008|||Real Estate 2033: The Future Is Now|||Visionaries share foresight on markets, sustainability, and AI-driven growth. Forward-looking summary and vision for the future of real estate.",day3-main-008,Michael Lahyani,Property Finder,CEO & Founder,https://ae.linkedin.com/in/michael-lahyani-25827b4,"AI-driven growth, PropTech, MENA real estate market vision","As CEO of MENA's leading PropTech platform, he recently secured a $525M investment to accelerate AI adoption, making him a top visionary on AI-driven growth in the region's real estate future.",MENA,Christian Ulbrich,JLL (Jones Lang LaSalle),Global CEO & President,https://de.linkedin.com/in/christianulbrich,"Global real estate markets, sustainability, and corporate strategy","As the Global CEO of a Fortune 500 real estate giant, he offers a high-level, forward-looking perspective on market trends and the role of sustainability in the future of the industry, aligning perfectly with the session's theme.",Europe,Paolo Bevilacqua,Frasers Property Limited,Group Head of Sustainability,https://au.linkedin.com/in/paolo-bevilacqua-2ab7b310,"Sustainable real estate development, ESG strategy, and climate transition planning in Asia-Pacific",,Asia-Pacific,
"day3-institutional-001|||Liquidity Lab: Global Money Markets & FX Strategies|||Optimizing multi-currency liquidity across jurisdictions. Foreign exchange hedging, currency risk management, and global liquidity optimization for institutional investors.",day3-institutional-001,Nicolai Tangen,Norges Bank Investment Management (NBIM),Chief Executive Officer,https://no.linkedin.com/in/nicolai-tangen,"Managing the world's largest sovereign wealth fund, global asset allocation, currency risk management, and long-term liquidity strategies.","As CEO of the world's largest sovereign wealth fund, he is a Tier-1 institutional investor with unparalleled experience in multi-currency liquidity and global market strategies. His public profile and speaking experience are extensive, making him a high-impact speaker.",Europe,Mohamed Galal Eldin,First Abu Dhabi Bank (FAB),,https://eg.linkedin.com/in/mohamedgalal,"Head of Global Markets for the largest bank in the UAE, specializing in FX, fixed income, and liquidity management across the MENA region and globally.","A C-level equivalent at a Tier-1 MENA financial institution, directly responsible for global markets, which includes FX and liquidity. His regional expertise is crucial for the geographic mix requirement.",MENA,Flavio Figueiredo,Citigroup (Citi),Global Head of Foreign Exchange,https://www.linkedin.com/in/flavio-figueiredo-842b4413,"Global Head of Foreign Exchange, overseeing one of the world's largest FX franchises, with deep expertise in institutional FX trading, hedging, and liquidity solutions.","A C-level equivalent at a Fortune 500 company (Citi), leading their global FX business. His perspective on the 'Liquidity Lab' from a Tier-1 bank's perspective, especially regarding institutional FX strategies, is highly relevant.",North America,
day3-institutional-002|||Sustainable Yield Forum: Green Bonds & ESG Returns|||Explores green bonds and ESG-linked instruments for sustainable profitability. Performance of ESG-focused real estate funds; sustainable yield strategies.,day3-institutional-002,Erin Meezan,JLL (Jones Lang LaSalle),Chief Sustainability Officer,https://www.linkedin.com/in/erinmeezan,ESG-focused Real Estate Funds and Corporate Sustainability Strategy,"As CSO of a Fortune 500 real estate services firm, she has direct experience with the performance of ESG-focused real estate funds and sustainable yield strategies, making her a perfect fit for the session's focus on real estate.",North America,Tessa Dann,Societe Generale CIB,"Head of Sustainable Finance, Asia Pacific",https://au.linkedin.com/in/tessa-dann,"Sustainable Finance, Green Bonds, and DCM in the Asia-Pacific region","Her role as Head of Sustainable Finance in APAC for a major global bank gives her direct, high-level expertise in green bonds and sustainable yield instruments in a key growth region.",Asia-Pacific,Sarya Kudsi,Credit Agricole CIB,"Head of Sustainable Investment Banking, MEA",https://ae.linkedin.com/in/sarya-kudsi-52383715,"Sustainable Investment Banking, Green & Social Bonds, and ESG Advisory in MENA",Her focus on Sustainable Investment Banking and Green Bonds in the MENA region aligns perfectly with the session theme and satisfies the geographic diversity requirement for a Tier-1 institution.,MENA,
day3-institutional-003|||AI & Quant Capital: Smart Underwriting & Alpha Generation|||Machine-learning tools for risk modeling and institutional alpha. Quantitative approaches to real estate underwriting; AI-enhanced investment analysis.,day3-institutional-003,Patrick Kanters,APG Asset Management,CIO Private Markets,https://hk.linkedin.com/in/patrick-kanters-b692216,"AI in Private Markets, Real Estate Investment, Institutional Alpha Generation, Quantitative Strategies","As CIO Private Markets for one of the world's largest pension funds, he oversees a massive real estate portfolio and has publicly discussed the use of AI and digital transformation in asset management, making him a perfect fit for the 'AI & Quant Capital' theme. His location in Hong Kong, while working for a Dutch firm, provides a strong link to the European region (as APG is European) and global perspective.",Europe,Anders Svennesen,Abu Dhabi Investment Authority (ADIA),Global Head - Quantitative Research and Development,https://ae.linkedin.com/in/anders-svennesen-9b29846a,"Quantitative Research & Development, AI in Investment, Risk Modeling, Institutional Alpha","As Global Head of Quantitative Research and Development at ADIA, a Tier-1 sovereign wealth fund, he is directly involved in the quantitative and AI-driven strategies that generate institutional alpha and manage risk, which is the core theme of the session. His role is C-level equivalent in a highly technical and strategic area.",MENA,George N. Patterson,PGIM Quantitative Solutions,Managing Director and Chief Investment Officer,https://www.linkedin.com/in/george-patterson,"Quantitative Investment Strategies, AI in Asset Allocation, Risk Modeling, Institutional Alpha Generation","As CIO of PGIM Quantitative Solutions, he leads a major Tier-1 institutional asset manager's quantitative arm. He has been publicly quoted on the use of AI to redefine investment strategies and is a strong C-level voice from North America on the session's theme of quant capital and institutional alpha.",North America,
day3-institutional-005|||Tokenized Infrastructure & Impact Capital|||Integrating digital infrastructure and green finance models. Tokenized infrastructure projects; blending impact investing with financial returns.,day3-institutional-005,Max Heinzle,21X,CEO,https://www.linkedin.com/in/max-heinzle/,"Tokenized Securities, DLT Financial Market Infrastructure, European Regulation","As the CEO of 21X, Europe's first regulated tokenized securities platform, Max is a leading voice in the practical application of tokenized infrastructure within a regulated financial market. His expertise directly addresses the 'Tokenized Infrastructure' part of the session title and fulfills the Europe region requirement.",Europe,Nadine Zidani,MENA Impact,Founder & CEO,https://ae.linkedin.com/in/nadine-zidani,"Green Finance, Impact Investing, ESG in MENA, Sustainability Strategy","Nadine is the Founder and CEO of MENA Impact, a company focused on accelerating social and environmental impact in the MENA region. Her background in sustainability, green finance, and impact investing perfectly aligns with the 'Impact Capital' and 'green finance models' aspects of the session, and she fulfills the MENA region requirement.",MENA,John Lee,Digital Asset,Global Managing Director,https://www.linkedin.com/in/johnlee88,"Digital Assets, Tokenization of Real-World Assets (RWA), Institutional Finance, Infrastructure","John is a Global Managing Director at Digital Asset, a company that builds the infrastructure for tokenized assets. His focus on tokenization of Real-World Assets (RWA) and institutional finance provides a strong technical and strategic perspective on 'Tokenized Infrastructure' from a North American/Global perspective, fulfilling the North America region requirement.",North America,
day3-institutional-006|||Global CIO Roundtable: 2033 Allocation Roadmaps|||Closed-door dialogue on strategies shaping the next decade of capital allocation. Confidential discussion of long-term institutional allocation strategies.,day3-institutional-006,Nicolai Tangen,Norges Bank Investment Management,Chief Executive Officer,https://no.linkedin.com/in/nicolai-tangen,"Long-term strategic asset allocation, sovereign wealth fund management, responsible investing, and portfolio diversification.","As the CEO of the world's largest sovereign wealth fund, Tangen is a preeminent global voice on long-term capital allocation, which is the core theme of the session. His public commentary and thought leadership on the fund's 2033 roadmap and responsible investing make him a perfect fit for a closed-door CIO roundtable.",Europe,Alberto Santulin,Abu Dhabi Investment Authority (ADIA),"Chief Investment Officer, Alternative Investments Department",https://ae.linkedin.com/in/alberto-santulin-b6aaba25,"Alternative investments, long-term portfolio construction, and strategic allocation within a major sovereign wealth fund context.","As a Chief Investment Officer at one of the world's largest and most sophisticated sovereign wealth funds, Santulin brings a crucial MENA perspective and deep expertise in long-term, multi-asset allocation, particularly in alternatives, which are key to future capital roadmaps.",MENA,Stephen Gilmore,California Public Employees' Retirement System (CalPERS),Chief Investment Officer,https://nz.linkedin.com/in/stephen-gilmore-a68015169,"Total Portfolio Approach (TPA), strategic asset allocation for large public pension funds, and long-term sustainability in investment.",Gilmore is the CIO of the largest public pension fund in the US and is currently leading a major strategic shift to a Total Portfolio Approach (TPA). His recent work on long-term allocation strategy and his experience in both public and private sectors make him an ideal North American representative for this discussion.,North America,
day3-institutional-007|||Governance Equation: RegTech & Transparency in Action|||AI-powered oversight for compliance and reporting. RegTech solutions for fund governance; automated compliance and transparency frameworks.,day3-institutional-007,Daniele Magazzeni,UBS,Chief AI Officer,https://uk.linkedin.com/in/danielemagazzeni,"AI Governance, AI Strategy, RegTech, and Compliance in Financial Services","As the Chief AI Officer for a major Tier-1 global bank, Daniele Magazzeni is perfectly positioned to discuss the practical application of AI in governance, compliance, and regulatory technology (RegTech). His background in both academia (AI Professor) and finance (J.P. Morgan, UBS) provides a unique perspective on the ""Governance Equation"" and the need for transparent, AI-powered oversight. His role is directly focused on the strategic implementation and governance of AI across the firm, making him a leading voice on the session's core theme.",Europe,Shameek Kundu,Abu Dhabi Commercial Bank (ADCB),Chief AI Officer,https://ae.linkedin.com/in/shameekkundu,"Chief AI Officer, AI Strategy, Data Governance, and Responsible AI in MENA Banking","Shameek Kundu is a highly experienced data and AI leader who recently took on the Chief AI Officer role at ADCB, a major MENA financial institution. His extensive background in data governance, responsible AI, and his previous roles at Standard Chartered and TruEra make him an excellent prospect to discuss how AI-powered oversight and RegTech solutions are being implemented in the rapidly evolving Middle Eastern financial landscape, directly addressing the session's theme from a MENA perspective.",MENA,Bhavesh Dayalji,S&P Global / Kensho Technologies,Chief AI Officer / CEO,https://www.linkedin.com/in/bhavesh-dayalji-a343482,"Enterprise AI Strategy, Generative AI Deployment, and AI Risk Management in Financial Data","Bhavesh Dayalji is the Chief AI Officer for S&P Global, a Fortune 500 company, and CEO of its AI subsidiary, Kensho Technologies. His focus on deploying AI at scale, particularly Generative AI, and his public commentary on AI risk and governance make him an ideal speaker to discuss the transparency frameworks and automated compliance solutions that Tier-1 financial data providers are building. His North American base and Fortune 500 status fulfill the final geographic and company tier requirements.",North America,
